Massa;Periodtid;Grupp;Perioder
1.000000000000000000e+02;7.860827841375584990e-01;1.000000000000000000e+00;1.000000000000000000e+00
1.000000000000000000e+02;7.772641588059020501e-01;1.000000000000000000e+00;1.000000000000000000e+00
1.000000000000000000e+02;8.035913980131164092e-01;1.000000000000000000e+00;1.000000000000000000e+00
1.000000000000000000e+02;7.967812058967923550e-01;1.000000000000000000e+00;1.000000000000000000e+00
1.000000000000000000e+02;8.564053636165789296e-01;1.000000000000000000e+00;1.000000000000000000e+00
1.000000000000000000e+02;8.198507215053872921e-01;1.000000000000000000e+00;1.000000000000000000e+00
1.000000000000000000e+02;7.958396514379885156e-01;1.000000000000000000e+00;1.000000000000000000e+00
1.000000000000000000e+02;7.782619725109456432e-01;1.000000000000000000e+00;1.000000000000000000e+00
1.000000000000000000e+02;7.723281836870748984e-01;1.000000000000000000e+00;1.000000000000000000e+00
1.000000000000000000e+02;8.084475023751839240e-01;1.000000000000000000e+00;1.000000000000000000e+00
1.500000000000000000e+02;9.977318230782780129e-01;1.000000000000000000e+00;1.000000000000000000e+00
1.500000000000000000e+02;9.770315614294938777e-01;1.000000000000000000e+00;1.000000000000000000e+00
1.500000000000000000e+02;1.009104588824050852e+00;1.000000000000000000e+00;1.000000000000000000e+00
1.500000000000000000e+02;9.461332791327502489e-01;1.000000000000000000e+00;1.000000000000000000e+00
1.500000000000000000e+02;9.575740667164008846e-01;1.000000000000000000e+00;1.000000000000000000e+00
1.500000000000000000e+02;1.044024706593065899e+00;1.000000000000000000e+00;1.000000000000000000e+00
1.500000000000000000e+02;9.763441497697471494e-01;1.000000000000000000e+00;1.000000000000000000e+00
1.500000000000000000e+02;9.173413529432996594e-01;1.000000000000000000e+00;1.000000000000000000e+00
1.500000000000000000e+02;1.016560417582031972e+00;1.000000000000000000e+00;1.000000000000000000e+00
1.500000000000000000e+02;9.922998406731529109e-01;1.000000000000000000e+00;1.000000000000000000e+00
2.000000000000000000e+02;1.180043407994724181e+00;1.000000000000000000e+00;1.000000000000000000e+00
2.000000000000000000e+02;1.135462244285484923e+00;1.000000000000000000e+00;1.000000000000000000e+00
2.000000000000000000e+02;1.099466593217944155e+00;1.000000000000000000e+00;1.000000000000000000e+00
2.000000000000000000e+02;1.106076849797056560e+00;1.000000000000000000e+00;1.000000000000000000e+00
2.000000000000000000e+02;1.157526463329316524e+00;1.000000000000000000e+00;1.000000000000000000e+00
2.000000000000000000e+02;1.183410604399122157e+00;1.000000000000000000e+00;1.000000000000000000e+00
2.000000000000000000e+02;1.114456016700651642e+00;1.000000000000000000e+00;1.000000000000000000e+00
2.000000000000000000e+02;1.080699864672066246e+00;1.000000000000000000e+00;1.000000000000000000e+00
2.000000000000000000e+02;1.107516698045677428e+00;1.000000000000000000e+00;1.000000000000000000e+00
2.000000000000000000e+02;1.184081480873192538e+00;1.000000000000000000e+00;1.000000000000000000e+00
2.500000000000000000e+02;1.284313381231210194e+00;1.000000000000000000e+00;1.000000000000000000e+00
2.500000000000000000e+02;1.222879378099051007e+00;1.000000000000000000e+00;1.000000000000000000e+00
2.500000000000000000e+02;1.279181053134549773e+00;1.000000000000000000e+00;1.000000000000000000e+00
2.500000000000000000e+02;1.262526036783938155e+00;1.000000000000000000e+00;1.000000000000000000e+00
2.500000000000000000e+02;1.201712124782307933e+00;1.000000000000000000e+00;1.000000000000000000e+00
2.500000000000000000e+02;1.292608984675654327e+00;1.000000000000000000e+00;1.000000000000000000e+00
2.500000000000000000e+02;1.273316700141474689e+00;1.000000000000000000e+00;1.000000000000000000e+00
2.500000000000000000e+02;1.166275615616905625e+00;1.000000000000000000e+00;1.000000000000000000e+00
2.500000000000000000e+02;1.446199902321893882e+00;1.000000000000000000e+00;1.000000000000000000e+00
2.500000000000000000e+02;1.286238794491697979e+00;1.000000000000000000e+00;1.000000000000000000e+00
3.000000000000000000e+02;1.414167309322027499e+00;1.000000000000000000e+00;1.000000000000000000e+00
3.000000000000000000e+02;1.391738713269012440e+00;1.000000000000000000e+00;1.000000000000000000e+00
3.000000000000000000e+02;1.494436928093724415e+00;1.000000000000000000e+00;1.000000000000000000e+00
3.000000000000000000e+02;1.461663832753054892e+00;1.000000000000000000e+00;1.000000000000000000e+00
3.000000000000000000e+02;1.348033114129916443e+00;1.000000000000000000e+00;1.000000000000000000e+00
3.000000000000000000e+02;1.491266215500517855e+00;1.000000000000000000e+00;1.000000000000000000e+00
3.000000000000000000e+02;1.368863413809567220e+00;1.000000000000000000e+00;1.000000000000000000e+00
3.000000000000000000e+02;1.471536297001788895e+00;1.000000000000000000e+00;1.000000000000000000e+00
3.000000000000000000e+02;1.285236799248371975e+00;1.000000000000000000e+00;1.000000000000000000e+00
3.000000000000000000e+02;1.483308262016893142e+00;1.000000000000000000e+00;1.000000000000000000e+00
1.000000000000000000e+02;8.111814314539762538e-01;1.000000000000000000e+00;1.000000000000000000e+01
1.000000000000000000e+02;8.076732443084180257e-01;1.000000000000000000e+00;1.000000000000000000e+01
1.000000000000000000e+02;8.148151852290055341e-01;1.000000000000000000e+00;1.000000000000000000e+01
1.000000000000000000e+02;8.181708075497788890e-01;1.000000000000000000e+00;1.000000000000000000e+01
1.000000000000000000e+02;8.168471188735801913e-01;1.000000000000000000e+00;1.000000000000000000e+01
1.000000000000000000e+02;8.166084232510981700e-01;1.000000000000000000e+00;1.000000000000000000e+01
1.000000000000000000e+02;8.157940457528246592e-01;1.000000000000000000e+00;1.000000000000000000e+01
1.000000000000000000e+02;8.143052151414476025e-01;1.000000000000000000e+00;1.000000000000000000e+01
1.000000000000000000e+02;8.123460796909666159e-01;1.000000000000000000e+00;1.000000000000000000e+01
1.000000000000000000e+02;8.153572619575505387e-01;1.000000000000000000e+00;1.000000000000000000e+01
1.500000000000000000e+02;1.006619158740923003e+00;1.000000000000000000e+00;1.000000000000000000e+01
1.500000000000000000e+02;9.838017499559637002e-01;1.000000000000000000e+00;1.000000000000000000e+01
1.500000000000000000e+02;9.914873016197058853e-01;1.000000000000000000e+00;1.000000000000000000e+01
1.500000000000000000e+02;9.870389542657372894e-01;1.000000000000000000e+00;1.000000000000000000e+01
1.500000000000000000e+02;1.003165597219546568e+00;1.000000000000000000e+00;1.000000000000000000e+01
1.500000000000000000e+02;9.961094556305200021e-01;1.000000000000000000e+00;1.000000000000000000e+01
1.500000000000000000e+02;9.995268757200440612e-01;1.000000000000000000e+00;1.000000000000000000e+01
1.500000000000000000e+02;9.818795333749896770e-01;1.000000000000000000e+00;1.000000000000000000e+01
1.500000000000000000e+02;9.926695585869945715e-01;1.000000000000000000e+00;1.000000000000000000e+01
1.500000000000000000e+02;9.854139682435603120e-01;1.000000000000000000e+00;1.000000000000000000e+01
2.000000000000000000e+02;1.151756276614761765e+00;1.000000000000000000e+00;1.000000000000000000e+01
2.000000000000000000e+02;1.129002814379602038e+00;1.000000000000000000e+00;1.000000000000000000e+01
2.000000000000000000e+02;1.147021691441958202e+00;1.000000000000000000e+00;1.000000000000000000e+01
2.000000000000000000e+02;1.147985857031216028e+00;1.000000000000000000e+00;1.000000000000000000e+01
2.000000000000000000e+02;1.161609054791817197e+00;1.000000000000000000e+00;1.000000000000000000e+01
2.000000000000000000e+02;1.148575904539511194e+00;1.000000000000000000e+00;1.000000000000000000e+01
2.000000000000000000e+02;1.139137188428085423e+00;1.000000000000000000e+00;1.000000000000000000e+01
2.000000000000000000e+02;1.148299540170838462e+00;1.000000000000000000e+00;1.000000000000000000e+01
2.000000000000000000e+02;1.147698298848261578e+00;1.000000000000000000e+00;1.000000000000000000e+01
2.000000000000000000e+02;1.166291647378003615e+00;1.000000000000000000e+00;1.000000000000000000e+01
2.500000000000000000e+02;1.283054428224191357e+00;1.000000000000000000e+00;1.000000000000000000e+01
2.500000000000000000e+02;1.287395595922182334e+00;1.000000000000000000e+00;1.000000000000000000e+01
2.500000000000000000e+02;1.271045019590526959e+00;1.000000000000000000e+00;1.000000000000000000e+01
2.500000000000000000e+02;1.275582722309752448e+00;1.000000000000000000e+00;1.000000000000000000e+01
2.500000000000000000e+02;1.298850249161806580e+00;1.000000000000000000e+00;1.000000000000000000e+01
2.500000000000000000e+02;1.277921842960479282e+00;1.000000000000000000e+00;1.000000000000000000e+01
2.500000000000000000e+02;1.270528438986735731e+00;1.000000000000000000e+00;1.000000000000000000e+01
2.500000000000000000e+02;1.291845818731074624e+00;1.000000000000000000e+00;1.000000000000000000e+01
2.500000000000000000e+02;1.287825841172258068e+00;1.000000000000000000e+00;1.000000000000000000e+01
2.500000000000000000e+02;1.266384499928307372e+00;1.000000000000000000e+00;1.000000000000000000e+01
3.000000000000000000e+02;1.417191552571979596e+00;1.000000000000000000e+00;1.000000000000000000e+01
3.000000000000000000e+02;1.405357738867001771e+00;1.000000000000000000e+00;1.000000000000000000e+01
3.000000000000000000e+02;1.433374245025918148e+00;1.000000000000000000e+00;1.000000000000000000e+01
3.000000000000000000e+02;1.407666103679963587e+00;1.000000000000000000e+00;1.000000000000000000e+01
3.000000000000000000e+02;1.398543639045436215e+00;1.000000000000000000e+00;1.000000000000000000e+01
3.000000000000000000e+02;1.405736384403554196e+00;1.000000000000000000e+00;1.000000000000000000e+01
3.000000000000000000e+02;1.402683218732767800e+00;1.000000000000000000e+00;1.000000000000000000e+01
3.000000000000000000e+02;1.412070571523047935e+00;1.000000000000000000e+00;1.000000000000000000e+01
3.000000000000000000e+02;1.420379334029745033e+00;1.000000000000000000e+00;1.000000000000000000e+01
3.000000000000000000e+02;1.397480543899154881e+00;1.000000000000000000e+00;1.000000000000000000e+01
1.000000000000000000e+02;7.640081054765233137e-01;2.000000000000000000e+00;1.000000000000000000e+00
1.000000000000000000e+02;8.331512544642308837e-01;2.000000000000000000e+00;1.000000000000000000e+00
1.000000000000000000e+02;9.113868962851686684e-01;2.000000000000000000e+00;1.000000000000000000e+00
1.000000000000000000e+02;7.787724184756082968e-01;2.000000000000000000e+00;1.000000000000000000e+00
1.000000000000000000e+02;7.812534792810182926e-01;2.000000000000000000e+00;1.000000000000000000e+00
1.000000000000000000e+02;8.430684956518028628e-01;2.000000000000000000e+00;1.000000000000000000e+00
1.000000000000000000e+02;7.466382787215424255e-01;2.000000000000000000e+00;1.000000000000000000e+00
1.000000000000000000e+02;9.049907307093172371e-01;2.000000000000000000e+00;1.000000000000000000e+00
1.000000000000000000e+02;8.103934142985576017e-01;2.000000000000000000e+00;1.000000000000000000e+00
1.000000000000000000e+02;8.266839604288572785e-01;2.000000000000000000e+00;1.000000000000000000e+00
1.500000000000000000e+02;1.010668021202096423e+00;2.000000000000000000e+00;1.000000000000000000e+00
1.500000000000000000e+02;1.006462444511065701e+00;2.000000000000000000e+00;1.000000000000000000e+00
1.500000000000000000e+02;9.265726839913952517e-01;2.000000000000000000e+00;1.000000000000000000e+00
1.500000000000000000e+02;1.018865933891863085e+00;2.000000000000000000e+00;1.000000000000000000e+00
1.500000000000000000e+02;1.029891251099291027e+00;2.000000000000000000e+00;1.000000000000000000e+00
1.500000000000000000e+02;9.926958282456989080e-01;2.000000000000000000e+00;1.000000000000000000e+00
1.500000000000000000e+02;9.807869258673956869e-01;2.000000000000000000e+00;1.000000000000000000e+00
1.500000000000000000e+02;9.887841201371156963e-01;2.000000000000000000e+00;1.000000000000000000e+00
1.500000000000000000e+02;1.006367046410206578e+00;2.000000000000000000e+00;1.000000000000000000e+00
1.500000000000000000e+02;9.640757230477141615e-01;2.000000000000000000e+00;1.000000000000000000e+00
2.000000000000000000e+02;1.267388948097379897e+00;2.000000000000000000e+00;1.000000000000000000e+00
2.000000000000000000e+02;1.082707371129146168e+00;2.000000000000000000e+00;1.000000000000000000e+00
2.000000000000000000e+02;1.242800993406667054e+00;2.000000000000000000e+00;1.000000000000000000e+00
2.000000000000000000e+02;1.162360060423019981e+00;2.000000000000000000e+00;1.000000000000000000e+00
2.000000000000000000e+02;1.116493932688107815e+00;2.000000000000000000e+00;1.000000000000000000e+00
2.000000000000000000e+02;1.117842539283501635e+00;2.000000000000000000e+00;1.000000000000000000e+00
2.000000000000000000e+02;1.127670262686733427e+00;2.000000000000000000e+00;1.000000000000000000e+00
2.000000000000000000e+02;1.178660762119015271e+00;2.000000000000000000e+00;1.000000000000000000e+00
2.000000000000000000e+02;1.135866348812507365e+00;2.000000000000000000e+00;1.000000000000000000e+00
2.000000000000000000e+02;1.116492426056901577e+00;2.000000000000000000e+00;1.000000000000000000e+00
2.500000000000000000e+02;1.372549807481623585e+00;2.000000000000000000e+00;1.000000000000000000e+00
2.500000000000000000e+02;1.232953804694152389e+00;2.000000000000000000e+00;1.000000000000000000e+00
2.500000000000000000e+02;1.454125248877918386e+00;2.000000000000000000e+00;1.000000000000000000e+00
2.500000000000000000e+02;1.230918919708145820e+00;2.000000000000000000e+00;1.000000000000000000e+00
2.500000000000000000e+02;1.286428205514793088e+00;2.000000000000000000e+00;1.000000000000000000e+00
2.500000000000000000e+02;1.331214084352664750e+00;2.000000000000000000e+00;1.000000000000000000e+00
2.500000000000000000e+02;1.221225094056744842e+00;2.000000000000000000e+00;1.000000000000000000e+00
2.500000000000000000e+02;1.197403439238251766e+00;2.000000000000000000e+00;1.000000000000000000e+00
2.500000000000000000e+02;1.238431448567205662e+00;2.000000000000000000e+00;1.000000000000000000e+00
2.500000000000000000e+02;1.305488189622218576e+00;2.000000000000000000e+00;1.000000000000000000e+00
3.000000000000000000e+02;1.278408027272771363e+00;2.000000000000000000e+00;1.000000000000000000e+00
3.000000000000000000e+02;1.451188693517465156e+00;2.000000000000000000e+00;1.000000000000000000e+00
3.000000000000000000e+02;1.322683456682079317e+00;2.000000000000000000e+00;1.000000000000000000e+00
3.000000000000000000e+02;1.362229317463623968e+00;2.000000000000000000e+00;1.000000000000000000e+00
3.000000000000000000e+02;1.410415327180895018e+00;2.000000000000000000e+00;1.000000000000000000e+00
3.000000000000000000e+02;1.412684696719993527e+00;2.000000000000000000e+00;1.000000000000000000e+00
3.000000000000000000e+02;1.495959696571108610e+00;2.000000000000000000e+00;1.000000000000000000e+00
3.000000000000000000e+02;1.366873661663003281e+00;2.000000000000000000e+00;1.000000000000000000e+00
3.000000000000000000e+02;1.448068355660258044e+00;2.000000000000000000e+00;1.000000000000000000e+00
3.000000000000000000e+02;1.450679498482297491e+00;2.000000000000000000e+00;1.000000000000000000e+00
1.000000000000000000e+02;8.074335036319700842e-01;2.000000000000000000e+00;1.000000000000000000e+01
1.000000000000000000e+02;8.049316016940624152e-01;2.000000000000000000e+00;1.000000000000000000e+01
1.000000000000000000e+02;8.117842035612832241e-01;2.000000000000000000e+00;1.000000000000000000e+01
1.000000000000000000e+02;8.101732103399810203e-01;2.000000000000000000e+00;1.000000000000000000e+01
1.000000000000000000e+02;8.210571536107287294e-01;2.000000000000000000e+00;1.000000000000000000e+01
1.000000000000000000e+02;8.116975374793941045e-01;2.000000000000000000e+00;1.000000000000000000e+01
1.000000000000000000e+02;8.105900722616237175e-01;2.000000000000000000e+00;1.000000000000000000e+01
1.000000000000000000e+02;8.108984602431718036e-01;2.000000000000000000e+00;1.000000000000000000e+01
1.000000000000000000e+02;8.100959779959069351e-01;2.000000000000000000e+00;1.000000000000000000e+01
1.000000000000000000e+02;8.031256126881544111e-01;2.000000000000000000e+00;1.000000000000000000e+01
1.500000000000000000e+02;1.007884204669331707e+00;2.000000000000000000e+00;1.000000000000000000e+01
1.500000000000000000e+02;9.985329518840725394e-01;2.000000000000000000e+00;1.000000000000000000e+01
1.500000000000000000e+02;9.978554069454121933e-01;2.000000000000000000e+00;1.000000000000000000e+01
1.500000000000000000e+02;9.892266810254329856e-01;2.000000000000000000e+00;1.000000000000000000e+01
1.500000000000000000e+02;9.917486496769731819e-01;2.000000000000000000e+00;1.000000000000000000e+01
1.500000000000000000e+02;9.835014838070146315e-01;2.000000000000000000e+00;1.000000000000000000e+01
1.500000000000000000e+02;1.005456310074267057e+00;2.000000000000000000e+00;1.000000000000000000e+01
1.500000000000000000e+02;1.002481471432250970e+00;2.000000000000000000e+00;1.000000000000000000e+01
1.500000000000000000e+02;9.794651309676438711e-01;2.000000000000000000e+00;1.000000000000000000e+01
1.500000000000000000e+02;9.966817790887376738e-01;2.000000000000000000e+00;1.000000000000000000e+01
2.000000000000000000e+02;1.152242149931331339e+00;2.000000000000000000e+00;1.000000000000000000e+01
2.000000000000000000e+02;1.138041917626080757e+00;2.000000000000000000e+00;1.000000000000000000e+01
2.000000000000000000e+02;1.168880688021967762e+00;2.000000000000000000e+00;1.000000000000000000e+01
2.000000000000000000e+02;1.158872450688284372e+00;2.000000000000000000e+00;1.000000000000000000e+01
2.000000000000000000e+02;1.137722112709083966e+00;2.000000000000000000e+00;1.000000000000000000e+01
2.000000000000000000e+02;1.154508720571347347e+00;2.000000000000000000e+00;1.000000000000000000e+01
2.000000000000000000e+02;1.135857164247979778e+00;2.000000000000000000e+00;1.000000000000000000e+01
2.000000000000000000e+02;1.129512711497418387e+00;2.000000000000000000e+00;1.000000000000000000e+01
2.000000000000000000e+02;1.132337589234022168e+00;2.000000000000000000e+00;1.000000000000000000e+01
2.000000000000000000e+02;1.135033642627741868e+00;2.000000000000000000e+00;1.000000000000000000e+01
2.500000000000000000e+02;1.264569454235344947e+00;2.000000000000000000e+00;1.000000000000000000e+01
2.500000000000000000e+02;1.269720163767898091e+00;2.000000000000000000e+00;1.000000000000000000e+01
2.500000000000000000e+02;1.284593702196401788e+00;2.000000000000000000e+00;1.000000000000000000e+01
2.500000000000000000e+02;1.294076986663558415e+00;2.000000000000000000e+00;1.000000000000000000e+01
2.500000000000000000e+02;1.265626304707311300e+00;2.000000000000000000e+00;1.000000000000000000e+01
2.500000000000000000e+02;1.280728091078077613e+00;2.000000000000000000e+00;1.000000000000000000e+01
2.500000000000000000e+02;1.278075475040947095e+00;2.000000000000000000e+00;1.000000000000000000e+01
2.500000000000000000e+02;1.298235659625392779e+00;2.000000000000000000e+00;1.000000000000000000e+01
2.500000000000000000e+02;1.283126916222145031e+00;2.000000000000000000e+00;1.000000000000000000e+01
2.500000000000000000e+02;1.275849080548234538e+00;2.000000000000000000e+00;1.000000000000000000e+01
3.000000000000000000e+02;1.390650022993456858e+00;2.000000000000000000e+00;1.000000000000000000e+01
3.000000000000000000e+02;1.406421435354656246e+00;2.000000000000000000e+00;1.000000000000000000e+01
3.000000000000000000e+02;1.382587390499929292e+00;2.000000000000000000e+00;1.000000000000000000e+01
3.000000000000000000e+02;1.416355247571463805e+00;2.000000000000000000e+00;1.000000000000000000e+01
3.000000000000000000e+02;1.403696177363936703e+00;2.000000000000000000e+00;1.000000000000000000e+01
3.000000000000000000e+02;1.407435056760364400e+00;2.000000000000000000e+00;1.000000000000000000e+01
3.000000000000000000e+02;1.402627837922879372e+00;2.000000000000000000e+00;1.000000000000000000e+01
3.000000000000000000e+02;1.404762094937780370e+00;2.000000000000000000e+00;1.000000000000000000e+01
3.000000000000000000e+02;1.413511929425996128e+00;2.000000000000000000e+00;1.000000000000000000e+01
3.000000000000000000e+02;1.401125965462262757e+00;2.000000000000000000e+00;1.000000000000000000e+01
1.000000000000000000e+02;8.021696850348760677e-01;3.000000000000000000e+00;1.000000000000000000e+00
1.000000000000000000e+02;8.074909752158482279e-01;3.000000000000000000e+00;1.000000000000000000e+00
1.000000000000000000e+02;7.778299602773440791e-01;3.000000000000000000e+00;1.000000000000000000e+00
1.000000000000000000e+02;7.558800582593185879e-01;3.000000000000000000e+00;1.000000000000000000e+00
1.000000000000000000e+02;8.029941941610009293e-01;3.000000000000000000e+00;1.000000000000000000e+00
1.000000000000000000e+02;8.120730665865490971e-01;3.000000000000000000e+00;1.000000000000000000e+00
1.000000000000000000e+02;8.470742040814003282e-01;3.000000000000000000e+00;1.000000000000000000e+00
1.000000000000000000e+02;8.288684739069728247e-01;3.000000000000000000e+00;1.000000000000000000e+00
1.000000000000000000e+02;7.876723549161073201e-01;3.000000000000000000e+00;1.000000000000000000e+00
1.000000000000000000e+02;8.875359846355513893e-01;3.000000000000000000e+00;1.000000000000000000e+00
1.500000000000000000e+02;1.063435434311581274e+00;3.000000000000000000e+00;1.000000000000000000e+00
1.500000000000000000e+02;1.024314114481325255e+00;3.000000000000000000e+00;1.000000000000000000e+00
1.500000000000000000e+02;9.825508050484428324e-01;3.000000000000000000e+00;1.000000000000000000e+00
1.500000000000000000e+02;9.411648028310070080e-01;3.000000000000000000e+00;1.000000000000000000e+00
1.500000000000000000e+02;9.973210685810522946e-01;3.000000000000000000e+00;1.000000000000000000e+00
1.500000000000000000e+02;9.465086396583157757e-01;3.000000000000000000e+00;1.000000000000000000e+00
1.500000000000000000e+02;9.681979470354389328e-01;3.000000000000000000e+00;1.000000000000000000e+00
1.500000000000000000e+02;9.852559555979935046e-01;3.000000000000000000e+00;1.000000000000000000e+00
1.500000000000000000e+02;9.676011351408155825e-01;3.000000000000000000e+00;1.000000000000000000e+00
1.500000000000000000e+02;1.019192546246119768e+00;3.000000000000000000e+00;1.000000000000000000e+00
2.000000000000000000e+02;1.204023167554886919e+00;3.000000000000000000e+00;1.000000000000000000e+00
2.000000000000000000e+02;1.207591351457919293e+00;3.000000000000000000e+00;1.000000000000000000e+00
2.000000000000000000e+02;1.150733439732864127e+00;3.000000000000000000e+00;1.000000000000000000e+00
2.000000000000000000e+02;1.220065324444109534e+00;3.000000000000000000e+00;1.000000000000000000e+00
2.000000000000000000e+02;1.090871744091999718e+00;3.000000000000000000e+00;1.000000000000000000e+00
2.000000000000000000e+02;1.161689360641018132e+00;3.000000000000000000e+00;1.000000000000000000e+00
2.000000000000000000e+02;1.177973049170743414e+00;3.000000000000000000e+00;1.000000000000000000e+00
2.000000000000000000e+02;1.175881879455904278e+00;3.000000000000000000e+00;1.000000000000000000e+00
2.000000000000000000e+02;1.228029808437259840e+00;3.000000000000000000e+00;1.000000000000000000e+00
2.000000000000000000e+02;1.076464543450682765e+00;3.000000000000000000e+00;1.000000000000000000e+00
2.500000000000000000e+02;1.187219122369202573e+00;3.000000000000000000e+00;1.000000000000000000e+00
2.500000000000000000e+02;1.339878863460607583e+00;3.000000000000000000e+00;1.000000000000000000e+00
2.500000000000000000e+02;1.343473777440643779e+00;3.000000000000000000e+00;1.000000000000000000e+00
2.500000000000000000e+02;1.306346251158564620e+00;3.000000000000000000e+00;1.000000000000000000e+00
2.500000000000000000e+02;1.284560719288908581e+00;3.000000000000000000e+00;1.000000000000000000e+00
2.500000000000000000e+02;1.228501705131061827e+00;3.000000000000000000e+00;1.000000000000000000e+00
2.500000000000000000e+02;1.283071954294241035e+00;3.000000000000000000e+00;1.000000000000000000e+00
2.500000000000000000e+02;1.311731864596378472e+00;3.000000000000000000e+00;1.000000000000000000e+00
2.500000000000000000e+02;1.307791577673732553e+00;3.000000000000000000e+00;1.000000000000000000e+00
2.500000000000000000e+02;1.252218579751678940e+00;3.000000000000000000e+00;1.000000000000000000e+00
3.000000000000000000e+02;1.333278539378543348e+00;3.000000000000000000e+00;1.000000000000000000e+00
3.000000000000000000e+02;1.427917567533565357e+00;3.000000000000000000e+00;1.000000000000000000e+00
3.000000000000000000e+02;1.462295118113441594e+00;3.000000000000000000e+00;1.000000000000000000e+00
3.000000000000000000e+02;1.400128138362161101e+00;3.000000000000000000e+00;1.000000000000000000e+00
3.000000000000000000e+02;1.466135183076419546e+00;3.000000000000000000e+00;1.000000000000000000e+00
3.000000000000000000e+02;1.375978535120439661e+00;3.000000000000000000e+00;1.000000000000000000e+00
3.000000000000000000e+02;1.412110328968200879e+00;3.000000000000000000e+00;1.000000000000000000e+00
3.000000000000000000e+02;1.309934242719491548e+00;3.000000000000000000e+00;1.000000000000000000e+00
3.000000000000000000e+02;1.384741379761357472e+00;3.000000000000000000e+00;1.000000000000000000e+00
3.000000000000000000e+02;1.486793522120358313e+00;3.000000000000000000e+00;1.000000000000000000e+00
1.000000000000000000e+02;8.154781695735640046e-01;3.000000000000000000e+00;1.000000000000000000e+01
1.000000000000000000e+02;8.263717095369592647e-01;3.000000000000000000e+00;1.000000000000000000e+01
1.000000000000000000e+02;8.102209114063370077e-01;3.000000000000000000e+00;1.000000000000000000e+01
1.000000000000000000e+02;8.095768132234937298e-01;3.000000000000000000e+00;1.000000000000000000e+01
1.000000000000000000e+02;7.956503904200771249e-01;3.000000000000000000e+00;1.000000000000000000e+01
1.000000000000000000e+02;8.265757225747668580e-01;3.000000000000000000e+00;1.000000000000000000e+01
1.000000000000000000e+02;8.201049540216697187e-01;3.000000000000000000e+00;1.000000000000000000e+01
1.000000000000000000e+02;8.079340605119250673e-01;3.000000000000000000e+00;1.000000000000000000e+01
1.000000000000000000e+02;8.032538449125451452e-01;3.000000000000000000e+00;1.000000000000000000e+01
1.000000000000000000e+02;8.094615390525746745e-01;3.000000000000000000e+00;1.000000000000000000e+01
1.500000000000000000e+02;9.915702884372437076e-01;3.000000000000000000e+00;1.000000000000000000e+01
1.500000000000000000e+02;9.929713147868706180e-01;3.000000000000000000e+00;1.000000000000000000e+01
1.500000000000000000e+02;1.002484674536801901e+00;3.000000000000000000e+00;1.000000000000000000e+01
1.500000000000000000e+02;1.001232563344482962e+00;3.000000000000000000e+00;1.000000000000000000e+01
1.500000000000000000e+02;9.971372072755428917e-01;3.000000000000000000e+00;1.000000000000000000e+01
1.500000000000000000e+02;9.794968973236419796e-01;3.000000000000000000e+00;1.000000000000000000e+01
1.500000000000000000e+02;1.000022157156547742e+00;3.000000000000000000e+00;1.000000000000000000e+01
1.500000000000000000e+02;9.881992423328340713e-01;3.000000000000000000e+00;1.000000000000000000e+01
1.500000000000000000e+02;9.911392355745023419e-01;3.000000000000000000e+00;1.000000000000000000e+01
1.500000000000000000e+02;9.761678135734077610e-01;3.000000000000000000e+00;1.000000000000000000e+01
2.000000000000000000e+02;1.145815410536669354e+00;3.000000000000000000e+00;1.000000000000000000e+01
2.000000000000000000e+02;1.145162952296406855e+00;3.000000000000000000e+00;1.000000000000000000e+01
2.000000000000000000e+02;1.155911816876364906e+00;3.000000000000000000e+00;1.000000000000000000e+01
2.000000000000000000e+02;1.159569427831482313e+00;3.000000000000000000e+00;1.000000000000000000e+01
2.000000000000000000e+02;1.165120140375248248e+00;3.000000000000000000e+00;1.000000000000000000e+01
2.000000000000000000e+02;1.145462910744394325e+00;3.000000000000000000e+00;1.000000000000000000e+01
2.000000000000000000e+02;1.130111065207858534e+00;3.000000000000000000e+00;1.000000000000000000e+01
2.000000000000000000e+02;1.136247293146795068e+00;3.000000000000000000e+00;1.000000000000000000e+01
2.000000000000000000e+02;1.131359156919558240e+00;3.000000000000000000e+00;1.000000000000000000e+01
2.000000000000000000e+02;1.144571877855685260e+00;3.000000000000000000e+00;1.000000000000000000e+01
2.500000000000000000e+02;1.280564741875446000e+00;3.000000000000000000e+00;1.000000000000000000e+01
2.500000000000000000e+02;1.284066964462817317e+00;3.000000000000000000e+00;1.000000000000000000e+01
2.500000000000000000e+02;1.295838962346586021e+00;3.000000000000000000e+00;1.000000000000000000e+01
2.500000000000000000e+02;1.282709524976858084e+00;3.000000000000000000e+00;1.000000000000000000e+01
2.500000000000000000e+02;1.309076052618392438e+00;3.000000000000000000e+00;1.000000000000000000e+01
2.500000000000000000e+02;1.278454106058956263e+00;3.000000000000000000e+00;1.000000000000000000e+01
2.500000000000000000e+02;1.300520933508385824e+00;3.000000000000000000e+00;1.000000000000000000e+01
2.500000000000000000e+02;1.277220113040958838e+00;3.000000000000000000e+00;1.000000000000000000e+01
2.500000000000000000e+02;1.290176919038880543e+00;3.000000000000000000e+00;1.000000000000000000e+01
2.500000000000000000e+02;1.288993460522229961e+00;3.000000000000000000e+00;1.000000000000000000e+01
3.000000000000000000e+02;1.414392563882572729e+00;3.000000000000000000e+00;1.000000000000000000e+01
3.000000000000000000e+02;1.426840973125313772e+00;3.000000000000000000e+00;1.000000000000000000e+01
3.000000000000000000e+02;1.421745294173470953e+00;3.000000000000000000e+00;1.000000000000000000e+01
3.000000000000000000e+02;1.408027949696124548e+00;3.000000000000000000e+00;1.000000000000000000e+01
3.000000000000000000e+02;1.403784934779060745e+00;3.000000000000000000e+00;1.000000000000000000e+01
3.000000000000000000e+02;1.403379214717990653e+00;3.000000000000000000e+00;1.000000000000000000e+01
3.000000000000000000e+02;1.386605239343013274e+00;3.000000000000000000e+00;1.000000000000000000e+01
3.000000000000000000e+02;1.395465427874103881e+00;3.000000000000000000e+00;1.000000000000000000e+01
3.000000000000000000e+02;1.404142273202661162e+00;3.000000000000000000e+00;1.000000000000000000e+01
3.000000000000000000e+02;1.420492508749636729e+00;3.000000000000000000e+00;1.000000000000000000e+01
1.000000000000000000e+02;7.522744595278177959e-01;4.000000000000000000e+00;1.000000000000000000e+00
1.000000000000000000e+02;7.515262427859790151e-01;4.000000000000000000e+00;1.000000000000000000e+00
1.000000000000000000e+02;8.223550354749091795e-01;4.000000000000000000e+00;1.000000000000000000e+00
1.000000000000000000e+02;8.018905825180603353e-01;4.000000000000000000e+00;1.000000000000000000e+00
1.000000000000000000e+02;8.288988762580489222e-01;4.000000000000000000e+00;1.000000000000000000e+00
1.000000000000000000e+02;9.113337070270079998e-01;4.000000000000000000e+00;1.000000000000000000e+00
1.000000000000000000e+02;7.965403690201469100e-01;4.000000000000000000e+00;1.000000000000000000e+00
1.000000000000000000e+02;8.367670590463612834e-01;4.000000000000000000e+00;1.000000000000000000e+00
1.000000000000000000e+02;7.782186389084769784e-01;4.000000000000000000e+00;1.000000000000000000e+00
1.000000000000000000e+02;8.305826962427546034e-01;4.000000000000000000e+00;1.000000000000000000e+00
1.500000000000000000e+02;1.022397369676488754e+00;4.000000000000000000e+00;1.000000000000000000e+00
1.500000000000000000e+02;1.081100636434216611e+00;4.000000000000000000e+00;1.000000000000000000e+00
1.500000000000000000e+02;1.011720843535647729e+00;4.000000000000000000e+00;1.000000000000000000e+00
1.500000000000000000e+02;1.014192529947448573e+00;4.000000000000000000e+00;1.000000000000000000e+00
1.500000000000000000e+02;9.223877130459231521e-01;4.000000000000000000e+00;1.000000000000000000e+00
1.500000000000000000e+02;1.043166961989803188e+00;4.000000000000000000e+00;1.000000000000000000e+00
1.500000000000000000e+02;1.078676313971759892e+00;4.000000000000000000e+00;1.000000000000000000e+00
1.500000000000000000e+02;9.896518092211450401e-01;4.000000000000000000e+00;1.000000000000000000e+00
1.500000000000000000e+02;1.007266295188403715e+00;4.000000000000000000e+00;1.000000000000000000e+00
1.500000000000000000e+02;9.701766487188395738e-01;4.000000000000000000e+00;1.000000000000000000e+00
2.000000000000000000e+02;1.154695408108195487e+00;4.000000000000000000e+00;1.000000000000000000e+00
2.000000000000000000e+02;1.299092848275689827e+00;4.000000000000000000e+00;1.000000000000000000e+00
2.000000000000000000e+02;1.122996332161106281e+00;4.000000000000000000e+00;1.000000000000000000e+00
2.000000000000000000e+02;1.245410912185064722e+00;4.000000000000000000e+00;1.000000000000000000e+00
2.000000000000000000e+02;1.102048795587064145e+00;4.000000000000000000e+00;1.000000000000000000e+00
2.000000000000000000e+02;1.194087690610095454e+00;4.000000000000000000e+00;1.000000000000000000e+00
2.000000000000000000e+02;1.125586392889403209e+00;4.000000000000000000e+00;1.000000000000000000e+00
2.000000000000000000e+02;1.168283262930135402e+00;4.000000000000000000e+00;1.000000000000000000e+00
2.000000000000000000e+02;1.098312329095396223e+00;4.000000000000000000e+00;1.000000000000000000e+00
2.000000000000000000e+02;1.080203693817453958e+00;4.000000000000000000e+00;1.000000000000000000e+00
2.500000000000000000e+02;1.279308508832505131e+00;4.000000000000000000e+00;1.000000000000000000e+00
2.500000000000000000e+02;1.284483097885057212e+00;4.000000000000000000e+00;1.000000000000000000e+00
2.500000000000000000e+02;1.228732011991269912e+00;4.000000000000000000e+00;1.000000000000000000e+00
2.500000000000000000e+02;1.286322318100301620e+00;4.000000000000000000e+00;1.000000000000000000e+00
2.500000000000000000e+02;1.289628517608320868e+00;4.000000000000000000e+00;1.000000000000000000e+00
2.500000000000000000e+02;1.345712145912124180e+00;4.000000000000000000e+00;1.000000000000000000e+00
2.500000000000000000e+02;1.282449792084674245e+00;4.000000000000000000e+00;1.000000000000000000e+00
2.500000000000000000e+02;1.478693326957984056e+00;4.000000000000000000e+00;1.000000000000000000e+00
2.500000000000000000e+02;1.231807814188642602e+00;4.000000000000000000e+00;1.000000000000000000e+00
2.500000000000000000e+02;1.221084580252149943e+00;4.000000000000000000e+00;1.000000000000000000e+00
3.000000000000000000e+02;1.467553539824732800e+00;4.000000000000000000e+00;1.000000000000000000e+00
3.000000000000000000e+02;1.577359648038646034e+00;4.000000000000000000e+00;1.000000000000000000e+00
3.000000000000000000e+02;1.409484238804554757e+00;4.000000000000000000e+00;1.000000000000000000e+00
3.000000000000000000e+02;1.296805975573583902e+00;4.000000000000000000e+00;1.000000000000000000e+00
3.000000000000000000e+02;1.407580331667605655e+00;4.000000000000000000e+00;1.000000000000000000e+00
3.000000000000000000e+02;1.426057531283635438e+00;4.000000000000000000e+00;1.000000000000000000e+00
3.000000000000000000e+02;1.390907435177875184e+00;4.000000000000000000e+00;1.000000000000000000e+00
3.000000000000000000e+02;1.403361279992617616e+00;4.000000000000000000e+00;1.000000000000000000e+00
3.000000000000000000e+02;1.384224522474611474e+00;4.000000000000000000e+00;1.000000000000000000e+00
3.000000000000000000e+02;1.356169615560650188e+00;4.000000000000000000e+00;1.000000000000000000e+00
1.000000000000000000e+02;8.144866622937314560e-01;4.000000000000000000e+00;1.000000000000000000e+01
1.000000000000000000e+02;8.079433194461983492e-01;4.000000000000000000e+00;1.000000000000000000e+01
1.000000000000000000e+02;8.252797732394870911e-01;4.000000000000000000e+00;1.000000000000000000e+01
1.000000000000000000e+02;8.088461901876760063e-01;4.000000000000000000e+00;1.000000000000000000e+01
1.000000000000000000e+02;8.042891504419853455e-01;4.000000000000000000e+00;1.000000000000000000e+01
1.000000000000000000e+02;8.144393143986031758e-01;4.000000000000000000e+00;1.000000000000000000e+01
1.000000000000000000e+02;8.059777941317026739e-01;4.000000000000000000e+00;1.000000000000000000e+01
1.000000000000000000e+02;8.134925997257138608e-01;4.000000000000000000e+00;1.000000000000000000e+01
1.000000000000000000e+02;8.048816420994994170e-01;4.000000000000000000e+00;1.000000000000000000e+01
1.000000000000000000e+02;8.179029039880301166e-01;4.000000000000000000e+00;1.000000000000000000e+01
1.500000000000000000e+02;9.810455972351316278e-01;4.000000000000000000e+00;1.000000000000000000e+01
1.500000000000000000e+02;9.900735152363154823e-01;4.000000000000000000e+00;1.000000000000000000e+01
1.500000000000000000e+02;9.807805665236176695e-01;4.000000000000000000e+00;1.000000000000000000e+01
1.500000000000000000e+02;9.893967974805208954e-01;4.000000000000000000e+00;1.000000000000000000e+01
1.500000000000000000e+02;9.918593159875382925e-01;4.000000000000000000e+00;1.000000000000000000e+01
1.500000000000000000e+02;9.977559065767039881e-01;4.000000000000000000e+00;1.000000000000000000e+01
1.500000000000000000e+02;9.971129687251181206e-01;4.000000000000000000e+00;1.000000000000000000e+01
1.500000000000000000e+02;9.987047816320339111e-01;4.000000000000000000e+00;1.000000000000000000e+01
1.500000000000000000e+02;9.935288349814419551e-01;4.000000000000000000e+00;1.000000000000000000e+01
1.500000000000000000e+02;9.954886316839659521e-01;4.000000000000000000e+00;1.000000000000000000e+01
2.000000000000000000e+02;1.154665777507379865e+00;4.000000000000000000e+00;1.000000000000000000e+01
2.000000000000000000e+02;1.141142843335311241e+00;4.000000000000000000e+00;1.000000000000000000e+01
2.000000000000000000e+02;1.142867485869560440e+00;4.000000000000000000e+00;1.000000000000000000e+01
2.000000000000000000e+02;1.155207748913275934e+00;4.000000000000000000e+00;1.000000000000000000e+01
2.000000000000000000e+02;1.130476783140988761e+00;4.000000000000000000e+00;1.000000000000000000e+01
2.000000000000000000e+02;1.138151438769084089e+00;4.000000000000000000e+00;1.000000000000000000e+01
2.000000000000000000e+02;1.146498471201500058e+00;4.000000000000000000e+00;1.000000000000000000e+01
2.000000000000000000e+02;1.152172289750756029e+00;4.000000000000000000e+00;1.000000000000000000e+01
2.000000000000000000e+02;1.150701405237382957e+00;4.000000000000000000e+00;1.000000000000000000e+01
2.000000000000000000e+02;1.153836781886487639e+00;4.000000000000000000e+00;1.000000000000000000e+01
2.500000000000000000e+02;1.287824115400605374e+00;4.000000000000000000e+00;1.000000000000000000e+01
2.500000000000000000e+02;1.303688176366836649e+00;4.000000000000000000e+00;1.000000000000000000e+01
2.500000000000000000e+02;1.274055192776748058e+00;4.000000000000000000e+00;1.000000000000000000e+01
2.500000000000000000e+02;1.282904136009339391e+00;4.000000000000000000e+00;1.000000000000000000e+01
2.500000000000000000e+02;1.257470501667157681e+00;4.000000000000000000e+00;1.000000000000000000e+01
2.500000000000000000e+02;1.285223375557642989e+00;4.000000000000000000e+00;1.000000000000000000e+01
2.500000000000000000e+02;1.294647346380306985e+00;4.000000000000000000e+00;1.000000000000000000e+01
2.500000000000000000e+02;1.300105285643313069e+00;4.000000000000000000e+00;1.000000000000000000e+01
2.500000000000000000e+02;1.276304264496394003e+00;4.000000000000000000e+00;1.000000000000000000e+01
2.500000000000000000e+02;1.285158120105034829e+00;4.000000000000000000e+00;1.000000000000000000e+01
3.000000000000000000e+02;1.412443069748143376e+00;4.000000000000000000e+00;1.000000000000000000e+01
3.000000000000000000e+02;1.387663358415300641e+00;4.000000000000000000e+00;1.000000000000000000e+01
3.000000000000000000e+02;1.399551304560858966e+00;4.000000000000000000e+00;1.000000000000000000e+01
3.000000000000000000e+02;1.413923432329249996e+00;4.000000000000000000e+00;1.000000000000000000e+01
3.000000000000000000e+02;1.397092512705411682e+00;4.000000000000000000e+00;1.000000000000000000e+01
3.000000000000000000e+02;1.400170021178453350e+00;4.000000000000000000e+00;1.000000000000000000e+01
3.000000000000000000e+02;1.421015300973967665e+00;4.000000000000000000e+00;1.000000000000000000e+01
3.000000000000000000e+02;1.425386623764579586e+00;4.000000000000000000e+00;1.000000000000000000e+01
3.000000000000000000e+02;1.405111205370905170e+00;4.000000000000000000e+00;1.000000000000000000e+01
3.000000000000000000e+02;1.401288821646160754e+00;4.000000000000000000e+00;1.000000000000000000e+01
1.000000000000000000e+02;8.380113692811632653e-01;5.000000000000000000e+00;1.000000000000000000e+00
1.000000000000000000e+02;8.258354575065367520e-01;5.000000000000000000e+00;1.000000000000000000e+00
1.000000000000000000e+02;8.784803672625537407e-01;5.000000000000000000e+00;1.000000000000000000e+00
1.000000000000000000e+02;8.335274384939942438e-01;5.000000000000000000e+00;1.000000000000000000e+00
1.000000000000000000e+02;8.021094562257080618e-01;5.000000000000000000e+00;1.000000000000000000e+00
1.000000000000000000e+02;8.459947571641548425e-01;5.000000000000000000e+00;1.000000000000000000e+00
1.000000000000000000e+02;8.103434697099479722e-01;5.000000000000000000e+00;1.000000000000000000e+00
1.000000000000000000e+02;7.871719698373589313e-01;5.000000000000000000e+00;1.000000000000000000e+00
1.000000000000000000e+02;8.056934733481555533e-01;5.000000000000000000e+00;1.000000000000000000e+00
1.000000000000000000e+02;8.059337413463862898e-01;5.000000000000000000e+00;1.000000000000000000e+00
1.500000000000000000e+02;1.111730956640272217e+00;5.000000000000000000e+00;1.000000000000000000e+00
1.500000000000000000e+02;1.003863632487020485e+00;5.000000000000000000e+00;1.000000000000000000e+00
1.500000000000000000e+02;9.638326388694085090e-01;5.000000000000000000e+00;1.000000000000000000e+00
1.500000000000000000e+02;9.795073674069734171e-01;5.000000000000000000e+00;1.000000000000000000e+00
1.500000000000000000e+02;9.529847668745521361e-01;5.000000000000000000e+00;1.000000000000000000e+00
1.500000000000000000e+02;9.602181942463795528e-01;5.000000000000000000e+00;1.000000000000000000e+00
1.500000000000000000e+02;9.360296623874609923e-01;5.000000000000000000e+00;1.000000000000000000e+00
1.500000000000000000e+02;9.841736487413831336e-01;5.000000000000000000e+00;1.000000000000000000e+00
1.500000000000000000e+02;9.342065727093725735e-01;5.000000000000000000e+00;1.000000000000000000e+00
1.500000000000000000e+02;9.826579135534704301e-01;5.000000000000000000e+00;1.000000000000000000e+00
2.000000000000000000e+02;1.161043685977974915e+00;5.000000000000000000e+00;1.000000000000000000e+00
2.000000000000000000e+02;1.143387287554021858e+00;5.000000000000000000e+00;1.000000000000000000e+00
2.000000000000000000e+02;1.172545953901473315e+00;5.000000000000000000e+00;1.000000000000000000e+00
2.000000000000000000e+02;1.147890466962083744e+00;5.000000000000000000e+00;1.000000000000000000e+00
2.000000000000000000e+02;1.336265370728891844e+00;5.000000000000000000e+00;1.000000000000000000e+00
2.000000000000000000e+02;1.319405190102963088e+00;5.000000000000000000e+00;1.000000000000000000e+00
2.000000000000000000e+02;1.147586165362533661e+00;5.000000000000000000e+00;1.000000000000000000e+00
2.000000000000000000e+02;1.226499748409896728e+00;5.000000000000000000e+00;1.000000000000000000e+00
2.000000000000000000e+02;1.091773343957416431e+00;5.000000000000000000e+00;1.000000000000000000e+00
2.000000000000000000e+02;1.152293734832428251e+00;5.000000000000000000e+00;1.000000000000000000e+00
2.500000000000000000e+02;1.264776026815742416e+00;5.000000000000000000e+00;1.000000000000000000e+00
2.500000000000000000e+02;1.273495202622084266e+00;5.000000000000000000e+00;1.000000000000000000e+00
2.500000000000000000e+02;1.324795702074906600e+00;5.000000000000000000e+00;1.000000000000000000e+00
2.500000000000000000e+02;1.270701928203023190e+00;5.000000000000000000e+00;1.000000000000000000e+00
2.500000000000000000e+02;1.285771724808095318e+00;5.000000000000000000e+00;1.000000000000000000e+00
2.500000000000000000e+02;1.340146921276976544e+00;5.000000000000000000e+00;1.000000000000000000e+00
2.500000000000000000e+02;1.243297221181251411e+00;5.000000000000000000e+00;1.000000000000000000e+00
2.500000000000000000e+02;1.250316104435607034e+00;5.000000000000000000e+00;1.000000000000000000e+00
2.500000000000000000e+02;1.228423499322154555e+00;5.000000000000000000e+00;1.000000000000000000e+00
2.500000000000000000e+02;1.288889083259864510e+00;5.000000000000000000e+00;1.000000000000000000e+00
3.000000000000000000e+02;1.406267038820510074e+00;5.000000000000000000e+00;1.000000000000000000e+00
3.000000000000000000e+02;1.386307065649966308e+00;5.000000000000000000e+00;1.000000000000000000e+00
3.000000000000000000e+02;1.460305073889822891e+00;5.000000000000000000e+00;1.000000000000000000e+00
3.000000000000000000e+02;1.439379609029597384e+00;5.000000000000000000e+00;1.000000000000000000e+00
3.000000000000000000e+02;1.571575367321102368e+00;5.000000000000000000e+00;1.000000000000000000e+00
3.000000000000000000e+02;1.506947690829825159e+00;5.000000000000000000e+00;1.000000000000000000e+00
3.000000000000000000e+02;1.397919035496531404e+00;5.000000000000000000e+00;1.000000000000000000e+00
3.000000000000000000e+02;1.370410629305404804e+00;5.000000000000000000e+00;1.000000000000000000e+00
3.000000000000000000e+02;1.469552991511964946e+00;5.000000000000000000e+00;1.000000000000000000e+00
3.000000000000000000e+02;1.351234647779257614e+00;5.000000000000000000e+00;1.000000000000000000e+00
1.000000000000000000e+02;8.065785360664108339e-01;5.000000000000000000e+00;1.000000000000000000e+01
1.000000000000000000e+02;8.050903247115406280e-01;5.000000000000000000e+00;1.000000000000000000e+01
1.000000000000000000e+02;8.000467816259290155e-01;5.000000000000000000e+00;1.000000000000000000e+01
1.000000000000000000e+02;8.073050809137747308e-01;5.000000000000000000e+00;1.000000000000000000e+01
1.000000000000000000e+02;8.151235403656020839e-01;5.000000000000000000e+00;1.000000000000000000e+01
1.000000000000000000e+02;8.118722564159643884e-01;5.000000000000000000e+00;1.000000000000000000e+01
1.000000000000000000e+02;8.174897054639586047e-01;5.000000000000000000e+00;1.000000000000000000e+01
1.000000000000000000e+02;8.134593211071008412e-01;5.000000000000000000e+00;1.000000000000000000e+01
1.000000000000000000e+02;8.132529289941360373e-01;5.000000000000000000e+00;1.000000000000000000e+01
1.000000000000000000e+02;8.106168649524421177e-01;5.000000000000000000e+00;1.000000000000000000e+01
1.500000000000000000e+02;9.993618345316955809e-01;5.000000000000000000e+00;1.000000000000000000e+01
1.500000000000000000e+02;1.003433866849775313e+00;5.000000000000000000e+00;1.000000000000000000e+01
1.500000000000000000e+02;1.009528214488980113e+00;5.000000000000000000e+00;1.000000000000000000e+01
1.500000000000000000e+02;9.944825484391565107e-01;5.000000000000000000e+00;1.000000000000000000e+01
1.500000000000000000e+02;1.009854310034511427e+00;5.000000000000000000e+00;1.000000000000000000e+01
1.500000000000000000e+02;9.879316761070704445e-01;5.000000000000000000e+00;1.000000000000000000e+01
1.500000000000000000e+02;9.934804644755338421e-01;5.000000000000000000e+00;1.000000000000000000e+01
1.500000000000000000e+02;9.888872646128138433e-01;5.000000000000000000e+00;1.000000000000000000e+01
1.500000000000000000e+02;9.958623716160198702e-01;5.000000000000000000e+00;1.000000000000000000e+01
1.500000000000000000e+02;9.958206184954482287e-01;5.000000000000000000e+00;1.000000000000000000e+01
2.000000000000000000e+02;1.162029547984551714e+00;5.000000000000000000e+00;1.000000000000000000e+01
2.000000000000000000e+02;1.155700142862538637e+00;5.000000000000000000e+00;1.000000000000000000e+01
2.000000000000000000e+02;1.156753069621396124e+00;5.000000000000000000e+00;1.000000000000000000e+01
2.000000000000000000e+02;1.149069739453450367e+00;5.000000000000000000e+00;1.000000000000000000e+01
2.000000000000000000e+02;1.133307832735021670e+00;5.000000000000000000e+00;1.000000000000000000e+01
2.000000000000000000e+02;1.146991064254216486e+00;5.000000000000000000e+00;1.000000000000000000e+01
2.000000000000000000e+02;1.151281330319160245e+00;5.000000000000000000e+00;1.000000000000000000e+01
2.000000000000000000e+02;1.165796397275510765e+00;5.000000000000000000e+00;1.000000000000000000e+01
2.000000000000000000e+02;1.152604625392755322e+00;5.000000000000000000e+00;1.000000000000000000e+01
2.000000000000000000e+02;1.159356476476576026e+00;5.000000000000000000e+00;1.000000000000000000e+01
2.500000000000000000e+02;1.272546536279625107e+00;5.000000000000000000e+00;1.000000000000000000e+01
2.500000000000000000e+02;1.286178873881152152e+00;5.000000000000000000e+00;1.000000000000000000e+01
2.500000000000000000e+02;1.297616028868806781e+00;5.000000000000000000e+00;1.000000000000000000e+01
2.500000000000000000e+02;1.287857087249505428e+00;5.000000000000000000e+00;1.000000000000000000e+01
2.500000000000000000e+02;1.281162804359194274e+00;5.000000000000000000e+00;1.000000000000000000e+01
2.500000000000000000e+02;1.276307782822383441e+00;5.000000000000000000e+00;1.000000000000000000e+01
2.500000000000000000e+02;1.290891560702177365e+00;5.000000000000000000e+00;1.000000000000000000e+01
2.500000000000000000e+02;1.290962265522204389e+00;5.000000000000000000e+00;1.000000000000000000e+01
2.500000000000000000e+02;1.279318493895256204e+00;5.000000000000000000e+00;1.000000000000000000e+01
2.500000000000000000e+02;1.291774308380727598e+00;5.000000000000000000e+00;1.000000000000000000e+01
3.000000000000000000e+02;1.398890210359798880e+00;5.000000000000000000e+00;1.000000000000000000e+01
3.000000000000000000e+02;1.396823166306193187e+00;5.000000000000000000e+00;1.000000000000000000e+01
3.000000000000000000e+02;1.404870749232081995e+00;5.000000000000000000e+00;1.000000000000000000e+01
3.000000000000000000e+02;1.404928955745910590e+00;5.000000000000000000e+00;1.000000000000000000e+01
3.000000000000000000e+02;1.380396325292151616e+00;5.000000000000000000e+00;1.000000000000000000e+01
3.000000000000000000e+02;1.411971877908600348e+00;5.000000000000000000e+00;1.000000000000000000e+01
3.000000000000000000e+02;1.405147887108346039e+00;5.000000000000000000e+00;1.000000000000000000e+01
3.000000000000000000e+02;1.399509208417035078e+00;5.000000000000000000e+00;1.000000000000000000e+01
3.000000000000000000e+02;1.405406376339589203e+00;5.000000000000000000e+00;1.000000000000000000e+01
3.000000000000000000e+02;1.406442826496433041e+00;5.000000000000000000e+00;1.000000000000000000e+01
1.000000000000000000e+02;7.996637861998954211e-01;6.000000000000000000e+00;1.000000000000000000e+00
1.000000000000000000e+02;7.918314813971862876e-01;6.000000000000000000e+00;1.000000000000000000e+00
1.000000000000000000e+02;7.535485401986186105e-01;6.000000000000000000e+00;1.000000000000000000e+00
1.000000000000000000e+02;1.015835966266779300e+00;6.000000000000000000e+00;1.000000000000000000e+00
1.000000000000000000e+02;8.242521363960204628e-01;6.000000000000000000e+00;1.000000000000000000e+00
1.000000000000000000e+02;9.289641350968158573e-01;6.000000000000000000e+00;1.000000000000000000e+00
1.000000000000000000e+02;8.282560434496422097e-01;6.000000000000000000e+00;1.000000000000000000e+00
1.000000000000000000e+02;7.838692413533183689e-01;6.000000000000000000e+00;1.000000000000000000e+00
1.000000000000000000e+02;9.465235544520915756e-01;6.000000000000000000e+00;1.000000000000000000e+00
1.000000000000000000e+02;8.160391401897352237e-01;6.000000000000000000e+00;1.000000000000000000e+00
1.500000000000000000e+02;1.005915759188176661e+00;6.000000000000000000e+00;1.000000000000000000e+00
1.500000000000000000e+02;1.002621777590861463e+00;6.000000000000000000e+00;1.000000000000000000e+00
1.500000000000000000e+02;9.301046477380850996e-01;6.000000000000000000e+00;1.000000000000000000e+00
1.500000000000000000e+02;9.413594518832871794e-01;6.000000000000000000e+00;1.000000000000000000e+00
1.500000000000000000e+02;1.026099663076185164e+00;6.000000000000000000e+00;1.000000000000000000e+00
1.500000000000000000e+02;1.124791037001594995e+00;6.000000000000000000e+00;1.000000000000000000e+00
1.500000000000000000e+02;9.926062954860963572e-01;6.000000000000000000e+00;1.000000000000000000e+00
1.500000000000000000e+02;1.023427494705297258e+00;6.000000000000000000e+00;1.000000000000000000e+00
1.500000000000000000e+02;9.572342964835963697e-01;6.000000000000000000e+00;1.000000000000000000e+00
1.500000000000000000e+02;9.807060735848551758e-01;6.000000000000000000e+00;1.000000000000000000e+00
2.000000000000000000e+02;1.152986143647700246e+00;6.000000000000000000e+00;1.000000000000000000e+00
2.000000000000000000e+02;1.191421061454163599e+00;6.000000000000000000e+00;1.000000000000000000e+00
2.000000000000000000e+02;1.220506211457402790e+00;6.000000000000000000e+00;1.000000000000000000e+00
2.000000000000000000e+02;1.151797978653814836e+00;6.000000000000000000e+00;1.000000000000000000e+00
2.000000000000000000e+02;1.185230925921227696e+00;6.000000000000000000e+00;1.000000000000000000e+00
2.000000000000000000e+02;1.212715606365479148e+00;6.000000000000000000e+00;1.000000000000000000e+00
2.000000000000000000e+02;1.157393058903250171e+00;6.000000000000000000e+00;1.000000000000000000e+00
2.000000000000000000e+02;1.093656229665350033e+00;6.000000000000000000e+00;1.000000000000000000e+00
2.000000000000000000e+02;1.168842183137846380e+00;6.000000000000000000e+00;1.000000000000000000e+00
2.000000000000000000e+02;1.093157422409929636e+00;6.000000000000000000e+00;1.000000000000000000e+00
2.500000000000000000e+02;1.315289603248020800e+00;6.000000000000000000e+00;1.000000000000000000e+00
2.500000000000000000e+02;1.203759854360727077e+00;6.000000000000000000e+00;1.000000000000000000e+00
2.500000000000000000e+02;1.234926366912481477e+00;6.000000000000000000e+00;1.000000000000000000e+00
2.500000000000000000e+02;1.255839395845876227e+00;6.000000000000000000e+00;1.000000000000000000e+00
2.500000000000000000e+02;1.383209485632993285e+00;6.000000000000000000e+00;1.000000000000000000e+00
2.500000000000000000e+02;1.277904926408639730e+00;6.000000000000000000e+00;1.000000000000000000e+00
2.500000000000000000e+02;1.351692744607681851e+00;6.000000000000000000e+00;1.000000000000000000e+00
2.500000000000000000e+02;1.395672425834971309e+00;6.000000000000000000e+00;1.000000000000000000e+00
2.500000000000000000e+02;1.339266237223687428e+00;6.000000000000000000e+00;1.000000000000000000e+00
2.500000000000000000e+02;1.295824630126377386e+00;6.000000000000000000e+00;1.000000000000000000e+00
3.000000000000000000e+02;1.544248110665622953e+00;6.000000000000000000e+00;1.000000000000000000e+00
3.000000000000000000e+02;1.299760800404941907e+00;6.000000000000000000e+00;1.000000000000000000e+00
3.000000000000000000e+02;1.402380823877080740e+00;6.000000000000000000e+00;1.000000000000000000e+00
3.000000000000000000e+02;1.354639589411187339e+00;6.000000000000000000e+00;1.000000000000000000e+00
3.000000000000000000e+02;1.273571460673782907e+00;6.000000000000000000e+00;1.000000000000000000e+00
3.000000000000000000e+02;1.431182507635822221e+00;6.000000000000000000e+00;1.000000000000000000e+00
3.000000000000000000e+02;1.393311965639320915e+00;6.000000000000000000e+00;1.000000000000000000e+00
3.000000000000000000e+02;1.356327560790501208e+00;6.000000000000000000e+00;1.000000000000000000e+00
3.000000000000000000e+02;1.453117758213609001e+00;6.000000000000000000e+00;1.000000000000000000e+00
3.000000000000000000e+02;1.453861213589694668e+00;6.000000000000000000e+00;1.000000000000000000e+00
1.000000000000000000e+02;8.014842278854528157e-01;6.000000000000000000e+00;1.000000000000000000e+01
1.000000000000000000e+02;8.117891657265562388e-01;6.000000000000000000e+00;1.000000000000000000e+01
1.000000000000000000e+02;8.041782500157544922e-01;6.000000000000000000e+00;1.000000000000000000e+01
1.000000000000000000e+02;8.213517635668602379e-01;6.000000000000000000e+00;1.000000000000000000e+01
1.000000000000000000e+02;8.009185496435914375e-01;6.000000000000000000e+00;1.000000000000000000e+01
1.000000000000000000e+02;7.932471629206796493e-01;6.000000000000000000e+00;1.000000000000000000e+01
1.000000000000000000e+02;8.121911489265151163e-01;6.000000000000000000e+00;1.000000000000000000e+01
1.000000000000000000e+02;8.238241000260848601e-01;6.000000000000000000e+00;1.000000000000000000e+01
1.000000000000000000e+02;8.040624903202743257e-01;6.000000000000000000e+00;1.000000000000000000e+01
1.000000000000000000e+02;8.170670691692980547e-01;6.000000000000000000e+00;1.000000000000000000e+01
1.500000000000000000e+02;1.001417736819878002e+00;6.000000000000000000e+00;1.000000000000000000e+01
1.500000000000000000e+02;9.777760329778797388e-01;6.000000000000000000e+00;1.000000000000000000e+01
1.500000000000000000e+02;1.008314966505010846e+00;6.000000000000000000e+00;1.000000000000000000e+01
1.500000000000000000e+02;9.831606322837590506e-01;6.000000000000000000e+00;1.000000000000000000e+01
1.500000000000000000e+02;1.000978974080213746e+00;6.000000000000000000e+00;1.000000000000000000e+01
1.500000000000000000e+02;9.924147905818493376e-01;6.000000000000000000e+00;1.000000000000000000e+01
1.500000000000000000e+02;9.922714746436311906e-01;6.000000000000000000e+00;1.000000000000000000e+01
1.500000000000000000e+02;9.964624074169087242e-01;6.000000000000000000e+00;1.000000000000000000e+01
1.500000000000000000e+02;9.870668853369892748e-01;6.000000000000000000e+00;1.000000000000000000e+01
1.500000000000000000e+02;9.908481348600580718e-01;6.000000000000000000e+00;1.000000000000000000e+01
2.000000000000000000e+02;1.143648815724828571e+00;6.000000000000000000e+00;1.000000000000000000e+01
2.000000000000000000e+02;1.150338311182457662e+00;6.000000000000000000e+00;1.000000000000000000e+01
2.000000000000000000e+02;1.151249593135835303e+00;6.000000000000000000e+00;1.000000000000000000e+01
2.000000000000000000e+02;1.145185302641849034e+00;6.000000000000000000e+00;1.000000000000000000e+01
2.000000000000000000e+02;1.149101167535997892e+00;6.000000000000000000e+00;1.000000000000000000e+01
2.000000000000000000e+02;1.132023244795188344e+00;6.000000000000000000e+00;1.000000000000000000e+01
2.000000000000000000e+02;1.142747579123479573e+00;6.000000000000000000e+00;1.000000000000000000e+01
2.000000000000000000e+02;1.135769010476544105e+00;6.000000000000000000e+00;1.000000000000000000e+01
2.000000000000000000e+02;1.137521468976279371e+00;6.000000000000000000e+00;1.000000000000000000e+01
2.000000000000000000e+02;1.130272425309679418e+00;6.000000000000000000e+00;1.000000000000000000e+01
2.500000000000000000e+02;1.270378878844361070e+00;6.000000000000000000e+00;1.000000000000000000e+01
2.500000000000000000e+02;1.301517495718577333e+00;6.000000000000000000e+00;1.000000000000000000e+01
2.500000000000000000e+02;1.260831787185657360e+00;6.000000000000000000e+00;1.000000000000000000e+01
2.500000000000000000e+02;1.294067492476096204e+00;6.000000000000000000e+00;1.000000000000000000e+01
2.500000000000000000e+02;1.282544833666952488e+00;6.000000000000000000e+00;1.000000000000000000e+01
2.500000000000000000e+02;1.289970126878656309e+00;6.000000000000000000e+00;1.000000000000000000e+01
2.500000000000000000e+02;1.285055932717723559e+00;6.000000000000000000e+00;1.000000000000000000e+01
2.500000000000000000e+02;1.285666016524985356e+00;6.000000000000000000e+00;1.000000000000000000e+01
2.500000000000000000e+02;1.282641611075948207e+00;6.000000000000000000e+00;1.000000000000000000e+01
2.500000000000000000e+02;1.293463073957090481e+00;6.000000000000000000e+00;1.000000000000000000e+01
3.000000000000000000e+02;1.413300263390907530e+00;6.000000000000000000e+00;1.000000000000000000e+01
3.000000000000000000e+02;1.401192062013988826e+00;6.000000000000000000e+00;1.000000000000000000e+01
3.000000000000000000e+02;1.386555216879068686e+00;6.000000000000000000e+00;1.000000000000000000e+01
3.000000000000000000e+02;1.414001330277567581e+00;6.000000000000000000e+00;1.000000000000000000e+01
3.000000000000000000e+02;1.396439515297831058e+00;6.000000000000000000e+00;1.000000000000000000e+01
3.000000000000000000e+02;1.413273903979170854e+00;6.000000000000000000e+00;1.000000000000000000e+01
3.000000000000000000e+02;1.412708977693981405e+00;6.000000000000000000e+00;1.000000000000000000e+01
3.000000000000000000e+02;1.397261474395238734e+00;6.000000000000000000e+00;1.000000000000000000e+01
3.000000000000000000e+02;1.407962514585932245e+00;6.000000000000000000e+00;1.000000000000000000e+01
3.000000000000000000e+02;1.417780626071214467e+00;6.000000000000000000e+00;1.000000000000000000e+01
